{
  "cwru": {
    "accuracies": [
      0.999231950844854,
      0.9976958525345622,
      0.999231950844854,
      0.999231950844854,
      0.9984639016897081
    ],
    "acc_mean": 0.9987711213517665,
    "acc_std": 0.0006144393241167556,
    "pcs_true": 0.017597361666460833,
    "pcs_shifted": 0.01685541026876308,
    "pcs_t_stat": 0.6372209987640667,
    "pcs_p_value": 0.5242247770657521,
    "cohens_d": 0.05085573167275718,
    "noise_pcs": [
      0.03229432219639421,
      0.02844721535220742
    ],
    "layer_pcs": {
      "conv1": [
        0.03471011511981487,
        0.000751569698065187
      ],
      "conv2": [
        0.034229226652532814,
        0.0010063054168121233
      ],
      "conv3": [
        0.028015080858021974,
        0.0020282809939824002
      ]
    },
    "cross_dataset": {}
  },
  "mfpt": {
    "accuracies": [
      1.0,
      1.0,
      1.0,
      1.0,
      1.0
    ],
    "acc_mean": 1.0,
    "acc_std": 0.0,
    "pcs_true": 0.012131920812729124,
    "pcs_shifted": 0.012931334128710054,
    "pcs_t_stat": -1.5844033145667384,
    "pcs_p_value": 0.11363062683952684,
    "cohens_d": -0.11830640180692203,
    "noise_pcs": [
      2.23366504360456e-05,
      0.00028483794900239443
    ],
    "layer_pcs": {
      "conv1": [
        0.00548227023005893,
        0.010549073265327755
      ],
      "conv2": [
        0.014582540770097694,
        0.011285266094392505
      ],
      "conv3": [
        0.010099315021652728,
        0.00549791501471028
      ]
    },
    "cross_dataset": {}
  },
  "cross_dataset": {
    "accs": [
      0.041666666666666664,
      0.04611111111111111,
      0.042777777777777776,
      0.041666666666666664,
      0.044444444444444446
    ],
    "acc_mean": 0.04333333333333333,
    "acc_std": 0.0017213259316477417
  }
}