{
  "config": {
    "window_length": 1024,
    "hop_length": 512,
    "n_fft": 512,
    "stft_hop": 128,
    "sample_rate": 12000,
    "batch_size": 32,
    "learning_rate": 0.001,
    "epochs": 50,
    "early_stop_patience": 10,
    "seeds": [
      42,
      123,
      256
    ],
    "train_ratio": 0.8,
    "device": "cuda",
    "fault_bands": {
      "BPFO": [
        82,
        129
      ],
      "BSF": [
        129,
        175
      ],
      "BPFI": [
        129,
        188
      ],
      "2xBPFO": [
        188,
        234
      ],
      "3xBPFO": [
        281,
        328
      ]
    },
    "class_names": [
      "Normal",
      "Ball",
      "InnerRace",
      "OuterRace"
    ],
    "noise_snr_levels": [
      10,
      5
    ]
  },
  "classification": {
    "42": {
      "accuracy": 0.9693548387096774,
      "report": {
        "Normal": {
          "precision": 0.8899521531100478,
          "recall": 1.0,
          "f1-score": 0.9417721518987342,
          "support": 186.0
        },
        "Ball": {
          "precision": 0.9434628975265018,
          "recall": 0.956989247311828,
          "f1-score": 0.9501779359430605,
          "support": 558.0
        },
        "InnerRace": {
          "precision": 1.0,
          "recall": 0.9408602150537635,
          "f1-score": 0.9695290858725761,
          "support": 558.0
        },
        "OuterRace": {
          "precision": 0.9964285714285714,
          "recall": 1.0,
          "f1-score": 0.998211091234347,
          "support": 558.0
        },
        "accuracy": 0.9693548387096774,
        "macro avg": {
          "precision": 0.9574609055162803,
          "recall": 0.9744623655913979,
          "f1-score": 0.9649225662371795,
          "support": 1860.0
        },
        "weighted avg": {
          "precision": 0.9709626559975267,
          "recall": 0.9693548387096774,
          "f1-score": 0.9695526491048685,
          "support": 1860.0
        }
      },
      "confusion_matrix": [
        [
          186,
          0,
          0,
          0
        ],
        [
          23,
          534,
          0,
          1
        ],
        [
          0,
          32,
          525,
          1
        ],
        [
          0,
          0,
          0,
          558
        ]
      ]
    },
    "123": {
      "accuracy": 0.9349462365591398,
      "report": {
        "Normal": {
          "precision": 1.0,
          "recall": 1.0,
          "f1-score": 1.0,
          "support": 186.0
        },
        "Ball": {
          "precision": 0.9977528089887641,
          "recall": 0.7956989247311828,
          "f1-score": 0.8853439680957128,
          "support": 558.0
        },
        "InnerRace": {
          "precision": 0.9945945945945946,
          "recall": 0.989247311827957,
          "f1-score": 0.9919137466307277,
          "support": 558.0
        },
        "OuterRace": {
          "precision": 0.8264094955489614,
          "recall": 0.9982078853046595,
          "f1-score": 0.9042207792207793,
          "support": 558.0
        },
        "accuracy": 0.9349462365591398,
        "macro avg": {
          "precision": 0.95468922478308,
          "recall": 0.9457885304659499,
          "f1-score": 0.945369623486805,
          "support": 1860.0
        },
        "weighted avg": {
          "precision": 0.945627069739696,
          "recall": 0.9349462365591398,
          "f1-score": 0.934443548184166,
          "support": 1860.0
        }
      },
      "confusion_matrix": [
        [
          186,
          0,
          0,
          0
        ],
        [
          0,
          444,
          2,
          112
        ],
        [
          0,
          1,
          552,
          5
        ],
        [
          0,
          0,
          1,
          557
        ]
      ]
    },
    "256": {
      "accuracy": 0.8758064516129033,
      "report": {
        "Normal": {
          "precision": 0.7099236641221374,
          "recall": 1.0,
          "f1-score": 0.8303571428571429,
          "support": 186.0
        },
        "Ball": {
          "precision": 0.7702265372168284,
          "recall": 0.8530465949820788,
          "f1-score": 0.8095238095238095,
          "support": 558.0
        },
        "InnerRace": {
          "precision": 0.9927710843373494,
          "recall": 0.7383512544802867,
          "f1-score": 0.8468653648509764,
          "support": 558.0
        },
        "OuterRace": {
          "precision": 0.9823008849557522,
          "recall": 0.9946236559139785,
          "f1-score": 0.9884238646482636,
          "support": 558.0
        },
        "accuracy": 0.8758064516129033,
        "macro avg": {
          "precision": 0.8638055426580168,
          "recall": 0.896505376344086,
          "f1-score": 0.8687925454700481,
          "support": 1860.0
        },
        "weighted avg": {
          "precision": 0.8945819183651927,
          "recall": 0.8758064516129033,
          "f1-score": 0.8764796259926292,
          "support": 1860.0
        }
      },
      "confusion_matrix": [
        [
          186,
          0,
          0,
          0
        ],
        [
          76,
          476,
          0,
          6
        ],
        [
          0,
          142,
          412,
          4
        ],
        [
          0,
          0,
          3,
          555
        ]
      ]
    }
  },
  "mechanism_validation": {
    "PCS_true_mean": 0.008990163583044334,
    "PCS_true_std": 0.01489773478650669,
    "PCS_shifted_mean": 0.029087560470215976,
    "PCS_shifted_std": 0.004727545576419948,
    "PCS_correct_mean": 0.009244017050912965,
    "PCS_incorrect_mean": 0.005341806718386894,
    "t_statistic": -14.202255999613092,
    "p_value": 3.3524836353872344e-43,
    "cohens_d": -1.3490236720668727,
    "n_correct": 1739,
    "n_incorrect": 121,
    "n_shifted_samples": 800
  },
  "noise_robustness": {
    "10": 0.07906086746603251,
    "5": 0.048832215946167705
  },
  "ablation": {
    "conv1": {
      "PCS_mean": 0.02801898468285799,
      "PCS_std": 0.0018431475783780148
    },
    "conv2": {
      "PCS_mean": 0.03356452591717243,
      "PCS_std": 0.0010131153341564332
    },
    "conv3": {
      "PCS_mean": 0.034832839258015155,
      "PCS_std": 0.0025361387988623047
    },
    "conv3_GradCAM++": {
      "PCS_mean": 0.033869956210255625,
      "PCS_std": 0.0019240996296662053
    }
  }
}